Description,Number of purchases
WHITE HANGING HEART T-LIGHT HOLDER,2231
JUMBO BAG RED RETROSPOT,1960
REGENCY CAKESTAND 3 TIER,1711
PARTY BUNTING,1615
LUNCH BAG RED RETROSPOT,1421
ASSORTED COLOUR BIRD ORNAMENT,1405
LUNCH BAG  BLACK SKULL.,1271
SET OF 3 CAKE TINS PANTRY DESIGN,1255
NATURAL SLATE HEART CHALKBOARD,1233
HEART OF WICKER SMALL,1188
JUMBO BAG PINK POLKADOT,1179
PACK OF 72 RETROSPOT CAKE CASES,1178
PAPER CHAIN KIT 50'S CHRISTMAS,1163
JUMBO SHOPPER VINTAGE RED PAISLEY,1148
JUMBO STORAGE BAG SUKI,1143
LUNCH BAG CARS BLUE,1089
WOODEN PICTURE FRAME WHITE FINISH,1087
LUNCH BAG SPACEBOY DESIGN,1059
SPOTTY BUNTING,1059
LUNCH BAG SUKI DESIGN,1055
RECIPE BOX PANTRY YELLOW DESIGN,1049
LUNCH BAG PINK POLKADOT,1032
SET OF 4 PANTRY JELLY MOULDS,1029
JAM MAKING SET PRINTED,1015
VICTORIAN GLASS HANGING T-LIGHT,1012
JAM MAKING SET WITH JARS,1008
ROSES REGENCY TEACUP AND SAUCER,975
GREEN REGENCY TEACUP AND SAUCER,962
REX CASH+CARRY JUMBO SHOPPER,954
ALARM CLOCK BAKELIKE RED,953
WOODEN FRAME ANTIQUE WHITE,953
LUNCH BAG APPLE DESIGN,949
HEART OF WICKER LARGE,934
RED RETROSPOT CHARLOTTE BAG,923
JUMBO  BAG BAROQUE BLACK WHITE,923
GARDENERS KNEELING PAD KEEP CALM,911
JUMBO BAG APPLES,895
ALARM CLOCK BAKELIKE GREEN,895
LUNCH BAG WOODLAND,894
VINTAGE SNAP CARDS,889
6 RIBBONS RUSTIC CHARM,880
RABBIT NIGHT LIGHT,875
SET/20 RED RETROSPOT PAPER NAPKINS,867
JUMBO BAG ALPHABET,858
CHOCOLATE HOT WATER BOTTLE,843
SET/5 RED RETROSPOT LID GLASS BOWLS,839
PLEASE ONE PERSON METAL SIGN,834
JUMBO BAG VINTAGE LEAF,825
JUMBO BAG PINK VINTAGE PAISLEY,823
RETROSPOT TEA SET CERAMIC 11 PC,823
CHARLOTTE BAG SUKI DESIGN,821
PAPER CHAIN KIT VINTAGE CHRISTMAS,818
JUMBO BAG STRAWBERRY,804
BAKING SET 9 PIECE RETROSPOT,802
PACK OF 60 PINK PAISLEY CAKE CASES,801
SET OF 6 SPICE TINS PANTRY DESIGN,793
60 TEATIME FAIRY CAKE CASES,786
HOT WATER BOTTLE KEEP CALM,778
POPCORN HOLDER,772
HOME BUILDING BLOCK WORD,767
GARDENERS KNEELING PAD CUP OF TEA,765
SCOTTIE DOG HOT WATER BOTTLE,754
JUMBO BAG WOODLAND ANIMALS,741
GIN + TONIC DIET METAL SIGN,740
SET OF 3 REGENCY CAKE TINS,734
PINK REGENCY TEACUP AND SAUCER,731
RED HANGING HEART T-LIGHT HOLDER,723
DOLLY GIRL LUNCH BOX,720
RECYCLING BAG RETROSPOT,717
SPACEBOY LUNCH BOX,716
PAPER BUNTING RETROSPOT,715
LUNCH BAG ALPHABET DESIGN,714
DOTCOM POSTAGE,708
DOORMAT KEEP CALM AND COME IN,702
HANGING HEART JAR T-LIGHT HOLDER,699
COOK WITH WINE METAL SIGN,699
WOODLAND CHARLOTTE BAG,698
JUMBO STORAGE BAG SKULLS,696
CLOTHES PEGS RETROSPOT PACK 24,696
CHARLOTTE BAG PINK POLKADOT,691
JUMBO BAG 50'S CHRISTMAS,688
BATHROOM METAL SIGN,688
ANTIQUE SILVER T-LIGHT GLASS,683
STRAWBERRY CHARLOTTE BAG,680
LUNCH BOX I LOVE LONDON,675
HAND OVER THE CHOCOLATE   SIGN,674
RED TOADSTOOL LED NIGHT LIGHT,672
JUMBO BAG VINTAGE DOILY,667
ALARM CLOCK BAKELIKE PINK,666
CHILLI LIGHTS,662
WOOD BLACK BOARD ANT WHITE FINISH,656
HAND WARMER OWL DESIGN,651
HOT WATER BOTTLE I AM SO POORLY,651
STRAWBERRY CERAMIC TRINKET BOX,650
SET OF 3 BUTTERFLY COOKIE CUTTERS,645
LUNCH BAG VINTAGE LEAF DESIGN,642
JUMBO BAG SCANDINAVIAN BLUE PAISLEY,640
SET OF 3 HEART COOKIE CUTTERS,638
SMALL WHITE HEART OF WICKER,637
JUMBO BAG SPACEBOY DESIGN,632
